UtteranceDataType,utterance,intent,agent_id,background_skill_id
GOLDEN_SET,are there any activities today,CalendarEventInfoIntent,,
GOLDEN_SET,are there any activities tomorrow,CalendarEventInfoIntent,,
GOLDEN_SET,are there any events today,CalendarEventInfoIntent,,
GOLDEN_SET,are there any events tomorrow,CalendarEventInfoIntent,,
GOLDEN_SET,are there any programs today,CalendarEventInfoIntent,,
GOLDEN_SET,are there any programs tomorrow,CalendarEventInfoIntent,,
GOLDEN_SET,what activities are on friday,CalendarEventInfoIntent,,
GOLDEN_SET,what activities are on monday,CalendarEventInfoIntent,,
GOLDEN_SET,what activities are on saturday,CalendarEventInfoIntent,,
GOLDEN_SET,what activities are on sunday,CalendarEventInfoIntent,,
GOLDEN_SET,what activities are on the calendar today,CalendarEventInfoIntent,,
GOLDEN_SET,what activities are on the calendar tomorrow,CalendarEventInfoIntent,,
GOLDEN_SET,what activities are on thursday,CalendarEventInfoIntent,,
GOLDEN_SET,what activities are on tuesday,CalendarEventInfoIntent,,
GOLDEN_SET,what activities are on wednesday,CalendarEventInfoIntent,,
GOLDEN_SET,what activities are today,CalendarEventInfoIntent,,
GOLDEN_SET,what activities are tomorrow,CalendarEventInfoIntent,,
GOLDEN_SET,what are the activities on friday,CalendarEventInfoIntent,,
GOLDEN_SET,what are the activities on monday,CalendarEventInfoIntent,,
GOLDEN_SET,what are the activities on saturday,CalendarEventInfoIntent,,
GOLDEN_SET,what are the activities on sunday,CalendarEventInfoIntent,,
GOLDEN_SET,what are the activities on thursday,CalendarEventInfoIntent,,
GOLDEN_SET,what are the activities on tuesday,CalendarEventInfoIntent,,
GOLDEN_SET,what are the activities on wednesday,CalendarEventInfoIntent,,
GOLDEN_SET,what are the activities today,CalendarEventInfoIntent,,
GOLDEN_SET,what are the activities tomorrow,CalendarEventInfoIntent,,
GOLDEN_SET,what are the events friday,CalendarEventInfoIntent,,
GOLDEN_SET,what are the events monday,CalendarEventInfoIntent,,
GOLDEN_SET,what are the events saturday,CalendarEventInfoIntent,,
GOLDEN_SET,what are the events sunday,CalendarEventInfoIntent,,
GOLDEN_SET,what are the events thursday,CalendarEventInfoIntent,,
GOLDEN_SET,what are the events today,CalendarEventInfoIntent,,
GOLDEN_SET,what are the events tomorrow,CalendarEventInfoIntent,,
GOLDEN_SET,what are the events tuesday,CalendarEventInfoIntent,,
GOLDEN_SET,what are the events wednesday,CalendarEventInfoIntent,,
GOLDEN_SET,what are the programs today,CalendarEventInfoIntent,,
GOLDEN_SET,what are the programs tomorrow,CalendarEventInfoIntent,,
GOLDEN_SET,what are today's activities,CalendarEventInfoIntent,,
GOLDEN_SET,what are today's events,CalendarEventInfoIntent,,
GOLDEN_SET,what are today's programs,CalendarEventInfoIntent,,
GOLDEN_SET,what are tomorrow's activities,CalendarEventInfoIntent,,
GOLDEN_SET,what are tomorrow's events,CalendarEventInfoIntent,,
GOLDEN_SET,what are tomorrow's programs,CalendarEventInfoIntent,,
GOLDEN_SET,what events are on friday,CalendarEventInfoIntent,,
GOLDEN_SET,what events are on monday,CalendarEventInfoIntent,,
GOLDEN_SET,what events are on saturday,CalendarEventInfoIntent,,
GOLDEN_SET,what events are on sunday,CalendarEventInfoIntent,,
GOLDEN_SET,what events are on the calendar today,CalendarEventInfoIntent,,
GOLDEN_SET,what events are on the calendar tomorrow,CalendarEventInfoIntent,,
GOLDEN_SET,what events are on thursday,CalendarEventInfoIntent,,
GOLDEN_SET,what events are on tuesday,CalendarEventInfoIntent,,
GOLDEN_SET,what events are on wednesday,CalendarEventInfoIntent,,
GOLDEN_SET,what events are today,CalendarEventInfoIntent,,
GOLDEN_SET,what events are tomorrow,CalendarEventInfoIntent,,
GOLDEN_SET,what is going on today,CalendarEventInfoIntent,,
GOLDEN_SET,what is going on tomorrow,CalendarEventInfoIntent,,
GOLDEN_SET,what is happening today,CalendarEventInfoIntent,,
GOLDEN_SET,what is happening tomorrow,CalendarEventInfoIntent,,
GOLDEN_SET,what is on the calendar for today,CalendarEventInfoIntent,,
GOLDEN_SET,what is on the calendar for tomorrow,CalendarEventInfoIntent,,
GOLDEN_SET,what is on the calendar today,CalendarEventInfoIntent,,
GOLDEN_SET,what is on the calendar tomorrow,CalendarEventInfoIntent,,
GOLDEN_SET,what kind of stuff is on the calendar today,CalendarEventInfoIntent,,
GOLDEN_SET,what kind of stuff is on the calendar tomorrow,CalendarEventInfoIntent,,
GOLDEN_SET,what kind of things are on the calendar today,CalendarEventInfoIntent,,
GOLDEN_SET,what kind of things are on the calendar tomorrow,CalendarEventInfoIntent,,
GOLDEN_SET,what programs are on the calendar today,CalendarEventInfoIntent,,
GOLDEN_SET,what programs are on the calendar tomorrow,CalendarEventInfoIntent,,
GOLDEN_SET,what programs are today,CalendarEventInfoIntent,,
GOLDEN_SET,what programs are tomorrow,CalendarEventInfoIntent,,
GOLDEN_SET,what stuff is on the calendar today,CalendarEventInfoIntent,,
GOLDEN_SET,what stuff is on the calendar tomorrow,CalendarEventInfoIntent,,
GOLDEN_SET,what's going on friday,CalendarEventInfoIntent,,
GOLDEN_SET,what's going on monday,CalendarEventInfoIntent,,
GOLDEN_SET,what's going on saturday,CalendarEventInfoIntent,,
GOLDEN_SET,what's going on sunday,CalendarEventInfoIntent,,
GOLDEN_SET,what's going on thursday,CalendarEventInfoIntent,,
GOLDEN_SET,what's going on tuesday,CalendarEventInfoIntent,,
GOLDEN_SET,what's going on wednesday,CalendarEventInfoIntent,,
GOLDEN_SET,whats happening on friday,CalendarEventInfoIntent,,
GOLDEN_SET,whats happening on monday,CalendarEventInfoIntent,,
GOLDEN_SET,whats happening on saturday,CalendarEventInfoIntent,,
GOLDEN_SET,whats happening on sunday,CalendarEventInfoIntent,,
GOLDEN_SET,whats happening on thursday,CalendarEventInfoIntent,,
GOLDEN_SET,whats happening on tuesday,CalendarEventInfoIntent,,
GOLDEN_SET,whats happening on wednesday,CalendarEventInfoIntent,,
GOLDEN_SET,whats happening today,CalendarEventInfoIntent,,
GOLDEN_SET,what's happening today,CalendarEventInfoIntent,,
GOLDEN_SET,whats happening tomorrow,CalendarEventInfoIntent,,
GOLDEN_SET,what's happening tomorrow,CalendarEventInfoIntent,,
GOLDEN_SET,what's on the calendar for today,CalendarEventInfoIntent,,
GOLDEN_SET,what's on the calendar for tomorrow,CalendarEventInfoIntent,,
GOLDEN_SET,what's on the calendar today,CalendarEventInfoIntent,,
GOLDEN_SET,what's on the calendar tomorrow,CalendarEventInfoIntent,,
GOLDEN_SET,are there any activities,CalendarEventInfoIntent,,
GOLDEN_SET,are there any events,CalendarEventInfoIntent,,
GOLDEN_SET,are there any programs,CalendarEventInfoIntent,,
GOLDEN_SET,what activities are on the calendar,CalendarEventInfoIntent,,
GOLDEN_SET,what events are on the calendar,CalendarEventInfoIntent,,
GOLDEN_SET,what is going on,CalendarEventInfoIntent,,
GOLDEN_SET,what is happening,CalendarEventInfoIntent,,
GOLDEN_SET,what is on the calendar,CalendarEventInfoIntent,,
GOLDEN_SET,what kind of stuff is on the calendar,CalendarEventInfoIntent,,
GOLDEN_SET,what kind of things are on the calendar,CalendarEventInfoIntent,,
GOLDEN_SET,what programs are on the calendar,CalendarEventInfoIntent,,
GOLDEN_SET,what stuff is on the calendar,CalendarEventInfoIntent,,
GOLDEN_SET,what's going on,CalendarEventInfoIntent,,
GOLDEN_SET,what's happening,CalendarEventInfoIntent,,
GOLDEN_SET,what's on the calendar,CalendarEventInfoIntent,,
GOLDEN_SET,breakfast today,MenuInfoIntent,,
GOLDEN_SET,breakfast tomorrow,MenuInfoIntent,,
GOLDEN_SET,dinner today,MenuInfoIntent,,
GOLDEN_SET,dinner tomorrow,MenuInfoIntent,,
GOLDEN_SET,lunch today,MenuInfoIntent,,
GOLDEN_SET,lunch tomorrow,MenuInfoIntent,,
GOLDEN_SET,tell me today's specials,MenuInfoIntent,,
GOLDEN_SET,what are the chef specials today,MenuInfoIntent,,
GOLDEN_SET,what are the desserts for dinner today,MenuInfoIntent,,
GOLDEN_SET,what are the desserts for dinner tomorrow,MenuInfoIntent,,
GOLDEN_SET,what are the entrees for breakfast today,MenuInfoIntent,,
GOLDEN_SET,what are the entrees for breakfast tomorrow,MenuInfoIntent,,
GOLDEN_SET,what are the entrees for dinner today,MenuInfoIntent,,
GOLDEN_SET,what are the entrees for dinner tomorrow,MenuInfoIntent,,
GOLDEN_SET,what are the entrees for lunch today,MenuInfoIntent,,
GOLDEN_SET,what are the entrees for lunch tomorrow,MenuInfoIntent,,
GOLDEN_SET,what are the salads for breakfast today,MenuInfoIntent,,
GOLDEN_SET,what are the salads for breakfast tomorrow,MenuInfoIntent,,
GOLDEN_SET,what are the salads for dinner today,MenuInfoIntent,,
GOLDEN_SET,what are the salads for dinner tomorrow,MenuInfoIntent,,
GOLDEN_SET,what are the salads for lunch today,MenuInfoIntent,,
GOLDEN_SET,what are the salads for lunch tomorrow,MenuInfoIntent,,
GOLDEN_SET,what are the sides for breakfast today,MenuInfoIntent,,
GOLDEN_SET,what are the sides for breakfast tomorrow,MenuInfoIntent,,
GOLDEN_SET,what are the sides for dinner today,MenuInfoIntent,,
GOLDEN_SET,what are the sides for dinner tomorrow,MenuInfoIntent,,
GOLDEN_SET,what are the sides for lunch today,MenuInfoIntent,,
GOLDEN_SET,what are the sides for lunch tomorrow,MenuInfoIntent,,
GOLDEN_SET,what are the soups for breakfast today,MenuInfoIntent,,
GOLDEN_SET,what are the soups for breakfast tomorrow,MenuInfoIntent,,
GOLDEN_SET,what are the soups for dinner today,MenuInfoIntent,,
GOLDEN_SET,what are the soups for dinner tomorrow,MenuInfoIntent,,
GOLDEN_SET,what are the soups for lunch today,MenuInfoIntent,,
GOLDEN_SET,what are the soups for lunch tomorrow,MenuInfoIntent,,
GOLDEN_SET,what are the starters for breakfast today,MenuInfoIntent,,
GOLDEN_SET,what are the starters for breakfast tomorrow,MenuInfoIntent,,
GOLDEN_SET,what are the starters for dinner today,MenuInfoIntent,,
GOLDEN_SET,what are the starters for dinner tomorrow,MenuInfoIntent,,
GOLDEN_SET,what are the starters for lunch today,MenuInfoIntent,,
GOLDEN_SET,what are the starters for lunch tomorrow,MenuInfoIntent,,
GOLDEN_SET,what's for breakfast today,MenuInfoIntent,,
GOLDEN_SET,what's for breakfast tomorrow,MenuInfoIntent,,
GOLDEN_SET,what's for dinner today,MenuInfoIntent,,
GOLDEN_SET,what's for dinner tomorrow,MenuInfoIntent,,
GOLDEN_SET,what's for lunch today,MenuInfoIntent,,
GOLDEN_SET,what's for lunch tomorrow,MenuInfoIntent,,
GOLDEN_SET,what's on the breakfast menu today,MenuInfoIntent,,
GOLDEN_SET,what's on the breakfast menu tomorrow,MenuInfoIntent,,
GOLDEN_SET,what's on the dinner menu today,MenuInfoIntent,,
GOLDEN_SET,what's on the dinner menu tomorrow,MenuInfoIntent,,
GOLDEN_SET,what's on the lunch menu today,MenuInfoIntent,,
GOLDEN_SET,what's on the lunch menu tomorrow,MenuInfoIntent,,
GOLDEN_SET,what's on the menu for breakfast today,MenuInfoIntent,,
GOLDEN_SET,what's on the menu for breakfast tomorrow,MenuInfoIntent,,
GOLDEN_SET,what's on the menu for dinner today,MenuInfoIntent,,
GOLDEN_SET,what's on the menu for dinner tomorrow,MenuInfoIntent,,
GOLDEN_SET,what's on the menu for lunch today,MenuInfoIntent,,
GOLDEN_SET,what's on the menu for lunch tomorrow,MenuInfoIntent,,
GOLDEN_SET,check my blood pressure,BloodPressureIntent,,
GOLDEN_SET,check my pressure,BloodPressureIntent,,
GOLDEN_SET,i need my blood pressure checked,BloodPressureIntent,,
GOLDEN_SET,take blood pressure,BloodPressureIntent,,
GOLDEN_SET,take my blood pressure,BloodPressureIntent,,
GOLDEN_SET,what is my blood pressure,BloodPressureIntent,,
GOLDEN_SET,help i fell,HelpFallIntent,,
GOLDEN_SET,help i fell down,HelpFallIntent,,
GOLDEN_SET,help i've fallen,HelpFallIntent,,
GOLDEN_SET,i fell,HelpFallIntent,,
GOLDEN_SET,i fell and i can't get up,HelpFallIntent,,
GOLDEN_SET,i fell down,HelpFallIntent,,
GOLDEN_SET,i fell to the ground,HelpFallIntent,,
GOLDEN_SET,i tripped,HelpFallIntent,,
GOLDEN_SET,i'm stuck,HelpFallIntent,,
GOLDEN_SET,i've fallen,HelpFallIntent,,
GOLDEN_SET,ask for help,HelpGeneralIntent,,
GOLDEN_SET,can someone help me,HelpGeneralIntent,,
GOLDEN_SET,could you help me,HelpGeneralIntent,,
GOLDEN_SET,help,HelpGeneralIntent,,
GOLDEN_SET,i need assistance,HelpGeneralIntent,,
GOLDEN_SET,i need help,HelpGeneralIntent,,
GOLDEN_SET,i need help now,HelpGeneralIntent,,
GOLDEN_SET,i need something for me,HelpGeneralIntent,,
GOLDEN_SET,i want help,HelpGeneralIntent,,
GOLDEN_SET,i've had an accident,HelpGeneralIntent,,
GOLDEN_SET,please help me get dressed,HelpGeneralIntent,,
GOLDEN_SET,will you help me,HelpGeneralIntent,,
GOLDEN_SET,a light is burned out,MaintenanceIntent,,
GOLDEN_SET,a light is burnt out,MaintenanceIntent,,
GOLDEN_SET,i don't have hot water,MaintenanceIntent,,
GOLDEN_SET,i have ants in the cabinets,MaintenanceIntent,,
GOLDEN_SET,i have ants in the kitchen,MaintenanceIntent,,
GOLDEN_SET,i need a light bulb,MaintenanceIntent,,
GOLDEN_SET,i need a light bulb replaced,MaintenanceIntent,,
GOLDEN_SET,i need a new air filter,MaintenanceIntent,,
GOLDEN_SET,i need a new t. v.,MaintenanceIntent,,
GOLDEN_SET,i need a new television,MaintenanceIntent,,
GOLDEN_SET,i need help with my t. v.,MaintenanceIntent,,
GOLDEN_SET,i need light bulbs,MaintenanceIntent,,
GOLDEN_SET,i need more light bulbs,MaintenanceIntent,,
GOLDEN_SET,i need the air filter replaced,MaintenanceIntent,,
GOLDEN_SET,i want a new air filter,MaintenanceIntent,,
GOLDEN_SET,i want the air filter replaced,MaintenanceIntent,,
GOLDEN_SET,my a. c. is broken,MaintenanceIntent,,
GOLDEN_SET,my air conditioner is broken,MaintenanceIntent,,
GOLDEN_SET,my air conditioner isn't working,MaintenanceIntent,,
GOLDEN_SET,my fridge is broken,MaintenanceIntent,,
GOLDEN_SET,my fridge isn't working,MaintenanceIntent,,
GOLDEN_SET,my heat is broken,MaintenanceIntent,,
GOLDEN_SET,my heat isn't working,MaintenanceIntent,,
GOLDEN_SET,my heater is broken,MaintenanceIntent,,
GOLDEN_SET,my heater isn't working,MaintenanceIntent,,
GOLDEN_SET,my microwave is broken,MaintenanceIntent,,
GOLDEN_SET,my microwave isn't working,MaintenanceIntent,,
GOLDEN_SET,my pendant is broken,MaintenanceIntent,,
GOLDEN_SET,my pendant is not working,MaintenanceIntent,,
GOLDEN_SET,my pendant isn't working,MaintenanceIntent,,
GOLDEN_SET,my pull cord is broken,MaintenanceIntent,,
GOLDEN_SET,my pull cord isn't working,MaintenanceIntent,,
GOLDEN_SET,my sink is clogged,MaintenanceIntent,,
GOLDEN_SET,my smoke alarm is beeping,MaintenanceIntent,,
GOLDEN_SET,my smoke alarm is going off,MaintenanceIntent,,
GOLDEN_SET,my t. v. doesn't work,MaintenanceIntent,,
GOLDEN_SET,my t. v. is broken,MaintenanceIntent,,
GOLDEN_SET,my t. v. is not working,MaintenanceIntent,,
GOLDEN_SET,my t. v. isn't working,MaintenanceIntent,,
GOLDEN_SET,my t. v. won't turn on,MaintenanceIntent,,
GOLDEN_SET,my television is broken,MaintenanceIntent,,
GOLDEN_SET,my thermostat is broken,MaintenanceIntent,,
GOLDEN_SET,my toilet is broken,MaintenanceIntent,,
GOLDEN_SET,my toilet is clogged,MaintenanceIntent,,
GOLDEN_SET,my toilet is running,MaintenanceIntent,,
GOLDEN_SET,my toilet isn't working,MaintenanceIntent,,
GOLDEN_SET,pendant not working,MaintenanceIntent,,
GOLDEN_SET,pull cord is broken,MaintenanceIntent,,
GOLDEN_SET,pull cord is not working,MaintenanceIntent,,
GOLDEN_SET,the a. c. is broken,MaintenanceIntent,,
GOLDEN_SET,the air conditioner is broken,MaintenanceIntent,,
GOLDEN_SET,the air conditioner isn't working,MaintenanceIntent,,
GOLDEN_SET,the fridge is broken,MaintenanceIntent,,
GOLDEN_SET,the fridge isn't working,MaintenanceIntent,,
GOLDEN_SET,the heat is broken,MaintenanceIntent,,
GOLDEN_SET,the heat isn't working,MaintenanceIntent,,
GOLDEN_SET,the heater is broken,MaintenanceIntent,,
GOLDEN_SET,the heater isn't working,MaintenanceIntent,,
GOLDEN_SET,the hot water is broken,MaintenanceIntent,,
GOLDEN_SET,the hot water isn't working,MaintenanceIntent,,
GOLDEN_SET,the microwave is broken,MaintenanceIntent,,
GOLDEN_SET,the microwave isn't working,MaintenanceIntent,,
GOLDEN_SET,the phone isn't working,MaintenanceIntent,,
GOLDEN_SET,the pull cord is broken,MaintenanceIntent,,
GOLDEN_SET,the pull cord isn't working,MaintenanceIntent,,
GOLDEN_SET,the sink is clogged,MaintenanceIntent,,
GOLDEN_SET,the smoke alarm is beeping,MaintenanceIntent,,
GOLDEN_SET,the smoke alarm is going off,MaintenanceIntent,,
GOLDEN_SET,the t. v. is broken,MaintenanceIntent,,
GOLDEN_SET,the t. v. isn't working,MaintenanceIntent,,
GOLDEN_SET,the television is broken,MaintenanceIntent,,
GOLDEN_SET,the television isn't working,MaintenanceIntent,,
GOLDEN_SET,there are ants in the cabinets,MaintenanceIntent,,
GOLDEN_SET,there are ants in the kitchen,MaintenanceIntent,,
GOLDEN_SET,there is a water leak,MaintenanceIntent,,
GOLDEN_SET,there is no hot water,MaintenanceIntent,,
GOLDEN_SET,water is leaking,MaintenanceIntent,,
GOLDEN_SET,a medicine,MedicationIntent,,
GOLDEN_SET,a pain pill,MedicationIntent,,
GOLDEN_SET,any pain medication,MedicationIntent,,
GOLDEN_SET,any pain medicine,MedicationIntent,,
GOLDEN_SET,bring me medication,MedicationIntent,,
GOLDEN_SET,bring me my medication,MedicationIntent,,
GOLDEN_SET,bring me my pain medicine,MedicationIntent,,
GOLDEN_SET,bring me pain medication,MedicationIntent,,
GOLDEN_SET,bring me pain medicine,MedicationIntent,,
GOLDEN_SET,bring me pain meds,MedicationIntent,,
GOLDEN_SET,bring my medication,MedicationIntent,,
GOLDEN_SET,bring my meds,MedicationIntent,,
GOLDEN_SET,bring my pain medicine,MedicationIntent,,
GOLDEN_SET,bring pain medication,MedicationIntent,,
GOLDEN_SET,bring pain medicine,MedicationIntent,,
GOLDEN_SET,bring the pain medication,MedicationIntent,,
GOLDEN_SET,give me pain medication,MedicationIntent,,
GOLDEN_SET,give me pain medicine,MedicationIntent,,
GOLDEN_SET,i need a pain medication,MedicationIntent,,
GOLDEN_SET,i need a pain pill,MedicationIntent,,
GOLDEN_SET,i need advil,MedicationIntent,,
GOLDEN_SET,i need aleve,MedicationIntent,,
GOLDEN_SET,i need aspirin,MedicationIntent,,
GOLDEN_SET,i need benadryl,MedicationIntent,,
GOLDEN_SET,i need cough suppressant,MedicationIntent,,
GOLDEN_SET,i need cough syrup,MedicationIntent,,
GOLDEN_SET,i need gasx,MedicationIntent,,
GOLDEN_SET,i need ibuprofen,MedicationIntent,,
GOLDEN_SET,i need medication,MedicationIntent,,
GOLDEN_SET,i need medicine,MedicationIntent,,
GOLDEN_SET,i need meds,MedicationIntent,,
GOLDEN_SET,i need more medication,MedicationIntent,,
GOLDEN_SET,i need more medicine,MedicationIntent,,
GOLDEN_SET,i need more pain medication,MedicationIntent,,
GOLDEN_SET,i need more pain medicine,MedicationIntent,,
GOLDEN_SET,i need my benadryl,MedicationIntent,,
GOLDEN_SET,i need my medication,MedicationIntent,,
GOLDEN_SET,i need my medication for pain,MedicationIntent,,
GOLDEN_SET,i need my medicine,MedicationIntent,,
GOLDEN_SET,i need my meds,MedicationIntent,,
GOLDEN_SET,i need my pain killers,MedicationIntent,,
GOLDEN_SET,i need my pain med,MedicationIntent,,
GOLDEN_SET,i need my pain medication,MedicationIntent,,
GOLDEN_SET,i need my pain medicine,MedicationIntent,,
GOLDEN_SET,i need my pain medison,MedicationIntent,,
GOLDEN_SET,i need my pain meds,MedicationIntent,,
GOLDEN_SET,i need my pain pill,MedicationIntent,,
GOLDEN_SET,i need my pain pills,MedicationIntent,,
GOLDEN_SET,i need my pills,MedicationIntent,,
GOLDEN_SET,i need pain medication,MedicationIntent,,
GOLDEN_SET,i need pain medicine,MedicationIntent,,
GOLDEN_SET,i need pain meds,MedicationIntent,,
GOLDEN_SET,i need pain pills,MedicationIntent,,
GOLDEN_SET,i need painkillers,MedicationIntent,,
GOLDEN_SET,i need payments,MedicationIntent,,
GOLDEN_SET,i need percocet,MedicationIntent,,
GOLDEN_SET,i need robitussin,MedicationIntent,,
GOLDEN_SET,i need some aspirin,MedicationIntent,,
GOLDEN_SET,i need some medication,MedicationIntent,,
GOLDEN_SET,i need some medicine,MedicationIntent,,
GOLDEN_SET,i need some meds,MedicationIntent,,
GOLDEN_SET,i need some pain medecin,MedicationIntent,,
GOLDEN_SET,i need some pain medication,MedicationIntent,,
GOLDEN_SET,i need some pain medicine,MedicationIntent,,
GOLDEN_SET,i need some tylenol,MedicationIntent,,
GOLDEN_SET,i need the medication,MedicationIntent,,
GOLDEN_SET,i need the medicine,MedicationIntent,,
GOLDEN_SET,i need tylenol,MedicationIntent,,
GOLDEN_SET,i want medicine,MedicationIntent,,
GOLDEN_SET,i want my meds,MedicationIntent,,
GOLDEN_SET,i want my pain medication,MedicationIntent,,
GOLDEN_SET,i want my pain medicine,MedicationIntent,,
GOLDEN_SET,i want my pills,MedicationIntent,,
GOLDEN_SET,i want pain medication,MedicationIntent,,
GOLDEN_SET,i want pain medicine,MedicationIntent,,
GOLDEN_SET,i want some pain medication,MedicationIntent,,
GOLDEN_SET,i want some pain medicine,MedicationIntent,,
GOLDEN_SET,i want the medicine,MedicationIntent,,
GOLDEN_SET,i would like pain medication,MedicationIntent,,
GOLDEN_SET,i'd like my medication,MedicationIntent,,
GOLDEN_SET,i'm in pain medication,MedicationIntent,,
GOLDEN_SET,i'm ready for medication,MedicationIntent,,
GOLDEN_SET,i'm ready for my medication,MedicationIntent,,
GOLDEN_SET,i'm ready for my medicine,MedicationIntent,,
GOLDEN_SET,i'm ready for my meds,MedicationIntent,,
GOLDEN_SET,i'm ready for my pain medicine,MedicationIntent,,
GOLDEN_SET,i'm ready for pain medicine,MedicationIntent,,
GOLDEN_SET,i'm ready to take my pills,MedicationIntent,,
GOLDEN_SET,it's time for my medication,MedicationIntent,,
GOLDEN_SET,it's time for my pain medicine,MedicationIntent,,
GOLDEN_SET,medication,MedicationIntent,,
GOLDEN_SET,medicine,MedicationIntent,,
GOLDEN_SET,meds,MedicationIntent,,
GOLDEN_SET,more pain medication,MedicationIntent,,
GOLDEN_SET,my medication,MedicationIntent,,
GOLDEN_SET,my medication is out,MedicationIntent,,
GOLDEN_SET,my medicine,MedicationIntent,,
GOLDEN_SET,my medicine is finished,MedicationIntent,,
GOLDEN_SET,my meds,MedicationIntent,,
GOLDEN_SET,my pain medication,MedicationIntent,,
GOLDEN_SET,my pain medicine,MedicationIntent,,
GOLDEN_SET,my pain meds,MedicationIntent,,
GOLDEN_SET,pain medication,MedicationIntent,,
GOLDEN_SET,pain medicine,MedicationIntent,,
GOLDEN_SET,pain meds,MedicationIntent,,
GOLDEN_SET,some pain medication,MedicationIntent,,
GOLDEN_SET,some tylenol,MedicationIntent,,
GOLDEN_SET,tylenol,MedicationIntent,,
GOLDEN_SET,read me the daily specials,MenuInfoIntent,,
GOLDEN_SET,tell me about desserts for dinner,MenuInfoIntent,,
GOLDEN_SET,tell me about entrees for breakfast,MenuInfoIntent,,
GOLDEN_SET,tell me about entrees for dinner,MenuInfoIntent,,
GOLDEN_SET,tell me about entrees for lunch,MenuInfoIntent,,
GOLDEN_SET,tell me about salads for breakfast,MenuInfoIntent,,
GOLDEN_SET,tell me about salads for dinner,MenuInfoIntent,,
GOLDEN_SET,tell me about salads for lunch,MenuInfoIntent,,
GOLDEN_SET,tell me about sides for breakfast,MenuInfoIntent,,
GOLDEN_SET,tell me about sides for dinner,MenuInfoIntent,,
GOLDEN_SET,tell me about sides for lunch,MenuInfoIntent,,
GOLDEN_SET,tell me about soups for breakfast,MenuInfoIntent,,
GOLDEN_SET,tell me about soups for dinner,MenuInfoIntent,,
GOLDEN_SET,tell me about soups for lunch,MenuInfoIntent,,
GOLDEN_SET,tell me about starters for breakfast,MenuInfoIntent,,
GOLDEN_SET,tell me about starters for dinner,MenuInfoIntent,,
GOLDEN_SET,tell me about starters for lunch,MenuInfoIntent,,
GOLDEN_SET,tell me about the desserts for dinner,MenuInfoIntent,,
GOLDEN_SET,tell me about the entrees for breakfast,MenuInfoIntent,,
GOLDEN_SET,tell me about the entrees for dinner,MenuInfoIntent,,
GOLDEN_SET,tell me about the entrees for lunch,MenuInfoIntent,,
GOLDEN_SET,tell me about the salads for breakfast,MenuInfoIntent,,
GOLDEN_SET,tell me about the salads for dinner,MenuInfoIntent,,
GOLDEN_SET,tell me about the salads for lunch,MenuInfoIntent,,
GOLDEN_SET,tell me about the sides for breakfast,MenuInfoIntent,,
GOLDEN_SET,tell me about the sides for dinner,MenuInfoIntent,,
GOLDEN_SET,tell me about the sides for lunch,MenuInfoIntent,,
GOLDEN_SET,tell me about the soups for breakfast,MenuInfoIntent,,
GOLDEN_SET,tell me about the soups for dinner,MenuInfoIntent,,
GOLDEN_SET,tell me about the soups for lunch,MenuInfoIntent,,
GOLDEN_SET,tell me about the starters for breakfast,MenuInfoIntent,,
GOLDEN_SET,tell me about the starters for dinner,MenuInfoIntent,,
GOLDEN_SET,tell me about the starters for lunch,MenuInfoIntent,,
GOLDEN_SET,tell me the chef specials,MenuInfoIntent,,
GOLDEN_SET,what are the daily specials,MenuInfoIntent,,
GOLDEN_SET,what are the desserts for dinner,MenuInfoIntent,,
GOLDEN_SET,what are the entrees for breakfast,MenuInfoIntent,,
GOLDEN_SET,what are the entrees for dinner,MenuInfoIntent,,
GOLDEN_SET,what are the entrees for lunch,MenuInfoIntent,,
GOLDEN_SET,what are the salads for breakfast,MenuInfoIntent,,
GOLDEN_SET,what are the salads for dinner,MenuInfoIntent,,
GOLDEN_SET,what are the salads for lunch,MenuInfoIntent,,
GOLDEN_SET,what are the sides for breakfast,MenuInfoIntent,,
GOLDEN_SET,what are the sides for dinner,MenuInfoIntent,,
GOLDEN_SET,what are the sides for lunch,MenuInfoIntent,,
GOLDEN_SET,what are the soups for breakfast,MenuInfoIntent,,
GOLDEN_SET,what are the soups for dinner,MenuInfoIntent,,
GOLDEN_SET,what are the soups for lunch,MenuInfoIntent,,
GOLDEN_SET,what are the starters for breakfast,MenuInfoIntent,,
GOLDEN_SET,what are the starters for dinner,MenuInfoIntent,,
GOLDEN_SET,what are the starters for lunch,MenuInfoIntent,,
GOLDEN_SET,what are today's specials,MenuInfoIntent,,
GOLDEN_SET,what are we going to have for breakfast,MenuInfoIntent,,
GOLDEN_SET,what are we going to have for dinner,MenuInfoIntent,,
GOLDEN_SET,what are we going to have for lunch,MenuInfoIntent,,
GOLDEN_SET,what is for breakfast,MenuInfoIntent,,
GOLDEN_SET,what is for dinner,MenuInfoIntent,,
GOLDEN_SET,what is for lunch,MenuInfoIntent,,
GOLDEN_SET,what is on the breakfast menu,MenuInfoIntent,,
GOLDEN_SET,what is on the dinner menu,MenuInfoIntent,,
GOLDEN_SET,what is on the lunch menu,MenuInfoIntent,,
GOLDEN_SET,what's for breakfast,MenuInfoIntent,,
GOLDEN_SET,what's for dinner,MenuInfoIntent,,
GOLDEN_SET,what's for lunch,MenuInfoIntent,,
GOLDEN_SET,what's on the breakfast menu,MenuInfoIntent,,
GOLDEN_SET,what's on the dinner menu,MenuInfoIntent,,
GOLDEN_SET,what's on the lunch menu,MenuInfoIntent,,
GOLDEN_SET,what's on the menu for breakfast,MenuInfoIntent,,
GOLDEN_SET,what's on the menu for dinner,MenuInfoIntent,,
GOLDEN_SET,what's on the menu for lunch,MenuInfoIntent,,
GOLDEN_SET,help get me up,MobilityIntent,,
GOLDEN_SET,help get out of bed,MobilityIntent,,
GOLDEN_SET,help get out of my bed,MobilityIntent,,
GOLDEN_SET,help get up,MobilityIntent,,
GOLDEN_SET,help getting out of bed,MobilityIntent,,
GOLDEN_SET,help getting out of my bed,MobilityIntent,,
GOLDEN_SET,help getting up,MobilityIntent,,
GOLDEN_SET,help leave bed,MobilityIntent,,
GOLDEN_SET,help me get out of bed,MobilityIntent,,
GOLDEN_SET,help me get out of my bed,MobilityIntent,,
GOLDEN_SET,help me get up,MobilityIntent,,
GOLDEN_SET,help me getting out of bed,MobilityIntent,,
GOLDEN_SET,help me getting out of my bed,MobilityIntent,,
GOLDEN_SET,help me getting up,MobilityIntent,,
GOLDEN_SET,help me leave bed,MobilityIntent,,
GOLDEN_SET,help me leaving bed,MobilityIntent,,
GOLDEN_SET,help me leaving my bed,MobilityIntent,,
GOLDEN_SET,help me out of bed,MobilityIntent,,
GOLDEN_SET,help me out of my bed,MobilityIntent,,
GOLDEN_SET,help out of bed,MobilityIntent,,
GOLDEN_SET,help out of my bed,MobilityIntent,,
GOLDEN_SET,i am in bed,MobilityIntent,,
GOLDEN_SET,i can't get into my wheelchair,MobilityIntent,,
GOLDEN_SET,i can't get up,MobilityIntent,,
GOLDEN_SET,i need help get up,MobilityIntent,,
GOLDEN_SET,i need help getting out of bed,MobilityIntent,,
GOLDEN_SET,i need help getting out of my bed,MobilityIntent,,
GOLDEN_SET,i need help getting up,MobilityIntent,,
GOLDEN_SET,i need help leaving bed,MobilityIntent,,
GOLDEN_SET,i need help leaving my bed,MobilityIntent,,
GOLDEN_SET,i need help out of bed,MobilityIntent,,
GOLDEN_SET,i need help out of my bed,MobilityIntent,,
GOLDEN_SET,i need help reposition,MobilityIntent,,
GOLDEN_SET,i need help repositioning,MobilityIntent,,
GOLDEN_SET,i need to get up,MobilityIntent,,
GOLDEN_SET,i need to stand up,MobilityIntent,,
GOLDEN_SET,i want to get out of bed,MobilityIntent,,
GOLDEN_SET,i want to get out of my bed,MobilityIntent,,
GOLDEN_SET,i want to get up,MobilityIntent,,
GOLDEN_SET,i want to go back to bed,MobilityIntent,,
GOLDEN_SET,i want to leave bed,MobilityIntent,,
GOLDEN_SET,i want to leaving bed,MobilityIntent,,
GOLDEN_SET,i want to out of bed,MobilityIntent,,
GOLDEN_SET,i want to out of my bed,MobilityIntent,,
GOLDEN_SET,i want to stand up,MobilityIntent,,
GOLDEN_SET,i'd like to get up,MobilityIntent,,
GOLDEN_SET,i'd like to stand up,MobilityIntent,,
GOLDEN_SET,i'm back in my room,MobilityIntent,,
GOLDEN_SET,it's time to stand up,MobilityIntent,,
GOLDEN_SET,please help me to stand up,MobilityIntent,,
GOLDEN_SET,a pain,PainIntent,,
GOLDEN_SET,am in pain,PainIntent,,
GOLDEN_SET,am pain,PainIntent,,
GOLDEN_SET,and a pain,PainIntent,,
GOLDEN_SET,and in pain,PainIntent,,
GOLDEN_SET,and pain,PainIntent,,
GOLDEN_SET,anything for pain,PainIntent,,
GOLDEN_SET,are you in pain,PainIntent,,
GOLDEN_SET,bad pain,PainIntent,,
GOLDEN_SET,can you tell my nurse i'm in pain,PainIntent,,
GOLDEN_SET,chest hurting,PainIntent,,
GOLDEN_SET,chest hurts,PainIntent,,
GOLDEN_SET,chest pain,PainIntent,,
GOLDEN_SET,evan pain,PainIntent,,
GOLDEN_SET,having pain,PainIntent,,
GOLDEN_SET,i am a pain,PainIntent,,
GOLDEN_SET,i am having pain,PainIntent,,
GOLDEN_SET,i am hurting,PainIntent,,
GOLDEN_SET,i am in paid,PainIntent,,
GOLDEN_SET,i am in pain,PainIntent,,
GOLDEN_SET,i am pain,PainIntent,,
GOLDEN_SET,i even pain,PainIntent,,
GOLDEN_SET,i have a pain,PainIntent,,
GOLDEN_SET,i have a pain in my chest,PainIntent,,
GOLDEN_SET,i have an pain,PainIntent,,
GOLDEN_SET,i have chest pain,PainIntent,,
GOLDEN_SET,i have head pain,PainIntent,,
GOLDEN_SET,i have in pain,PainIntent,,
GOLDEN_SET,i have pain,PainIntent,,
GOLDEN_SET,i human pain,PainIntent,,
GOLDEN_SET,i in pain,PainIntent,,
GOLDEN_SET,i make pain,PainIntent,,
GOLDEN_SET,i mean pain,PainIntent,,
GOLDEN_SET,i need i'm in pain,PainIntent,,
GOLDEN_SET,i need my pain,PainIntent,,
GOLDEN_SET,i need pain,PainIntent,,
GOLDEN_SET,i need payment,PainIntent,,
GOLDEN_SET,i need something for pain,PainIntent,,
GOLDEN_SET,i paid,PainIntent,,
GOLDEN_SET,i pain,PainIntent,,
GOLDEN_SET,i want something for pain,PainIntent,,
GOLDEN_SET,i'm a pain,PainIntent,,
GOLDEN_SET,i'm an pain,PainIntent,,
GOLDEN_SET,i'm and pain,PainIntent,,
GOLDEN_SET,i'm feeling pain,PainIntent,,
GOLDEN_SET,i'm gonna pain,PainIntent,,
GOLDEN_SET,i'm having a pain,PainIntent,,
GOLDEN_SET,i'm having pain,PainIntent,,
GOLDEN_SET,i'm heavy pain,PainIntent,,
GOLDEN_SET,i'm hurting,PainIntent,,
GOLDEN_SET,i'm hurting a lot,PainIntent,,
GOLDEN_SET,i'm in a lot of pain,PainIntent,,
GOLDEN_SET,i'm in pain,PainIntent,,
GOLDEN_SET,i'm in pain again,PainIntent,,
GOLDEN_SET,i'm not in pain,PainIntent,,
GOLDEN_SET,i'm pain,PainIntent,,
GOLDEN_SET,i'm still in pain,PainIntent,,
GOLDEN_SET,i'm to pain,PainIntent,,
GOLDEN_SET,i'm your pain,PainIntent,,
GOLDEN_SET,in pain,PainIntent,,
GOLDEN_SET,it hurts a lot,PainIntent,,
GOLDEN_SET,i've been paid,PainIntent,,
GOLDEN_SET,i've been pain,PainIntent,,
GOLDEN_SET,my back hurts,PainIntent,,
GOLDEN_SET,my chest hurts,PainIntent,,
GOLDEN_SET,my foot hurts,PainIntent,,
GOLDEN_SET,my head hurts,PainIntent,,
GOLDEN_SET,my hip hurts,PainIntent,,
GOLDEN_SET,my leg hurts,PainIntent,,
GOLDEN_SET,my neck hurts,PainIntent,,
GOLDEN_SET,my pain,PainIntent,,
GOLDEN_SET,my stomach hurts,PainIntent,,
GOLDEN_SET,on a pain,PainIntent,,
GOLDEN_SET,on and pain,PainIntent,,
GOLDEN_SET,on in pain,PainIntent,,
GOLDEN_SET,on my pain,PainIntent,,
GOLDEN_SET,on pain,PainIntent,,
GOLDEN_SET,on the pain,PainIntent,,
GOLDEN_SET,on then pain,PainIntent,,
GOLDEN_SET,pain,PainIntent,,
GOLDEN_SET,payment pain,PainIntent,,
GOLDEN_SET,please tell my nurse i'm in pain,PainIntent,,
GOLDEN_SET,simon pain,PainIntent,,
GOLDEN_SET,tell my nurse that i am in pain,PainIntent,,
GOLDEN_SET,tell the nurse i am a pain,PainIntent,,
GOLDEN_SET,tell the nurse i am in pain,PainIntent,,
GOLDEN_SET,tell the nurse i'm in pain,PainIntent,,
GOLDEN_SET,today i'm in pain,PainIntent,,
GOLDEN_SET,can i see her,TalkIntent,,
GOLDEN_SET,can i see her now,TalkIntent,,
GOLDEN_SET,can i see him,TalkIntent,,
GOLDEN_SET,can i see him now,TalkIntent,,
GOLDEN_SET,can i see my doctor,TalkIntent,,
GOLDEN_SET,can i see my doctor now,TalkIntent,,
GOLDEN_SET,can i see my nurse,TalkIntent,,
GOLDEN_SET,can i see my nurse now,TalkIntent,,
GOLDEN_SET,can i see nurse,TalkIntent,,
GOLDEN_SET,can i see nurse now,TalkIntent,,
GOLDEN_SET,can i see the doctor,TalkIntent,,
GOLDEN_SET,can i see the doctor now,TalkIntent,,
GOLDEN_SET,can i see the nurse,TalkIntent,,
GOLDEN_SET,can i see the nurse now,TalkIntent,,
GOLDEN_SET,come here,TalkIntent,,
GOLDEN_SET,come in here,TalkIntent,,
GOLDEN_SET,come in my room,TalkIntent,,
GOLDEN_SET,come in the room,TalkIntent,,
GOLDEN_SET,come into the room,TalkIntent,,
GOLDEN_SET,come see me,TalkIntent,,
GOLDEN_SET,come to my room,TalkIntent,,
GOLDEN_SET,come to room,TalkIntent,,
GOLDEN_SET,come to the room,TalkIntent,,
GOLDEN_SET,i have a question,TalkIntent,,
GOLDEN_SET,i need a nurse,TalkIntent,,
GOLDEN_SET,i need her,TalkIntent,,
GOLDEN_SET,i need him,TalkIntent,,
GOLDEN_SET,i need maintenance,TalkIntent,,
GOLDEN_SET,i need my nurse,TalkIntent,,
GOLDEN_SET,i need the nurse,TalkIntent,,
GOLDEN_SET,i need them,TalkIntent,,
GOLDEN_SET,i need to see her,TalkIntent,,
GOLDEN_SET,i need to see him,TalkIntent,,
GOLDEN_SET,i need to speak with her,TalkIntent,,
GOLDEN_SET,i need to talk to her,TalkIntent,,
GOLDEN_SET,i need to talk to him,TalkIntent,,
GOLDEN_SET,i need to talk to the nurse,TalkIntent,,
GOLDEN_SET,i want to talk to her,TalkIntent,,
GOLDEN_SET,i'd like to see her,TalkIntent,,
GOLDEN_SET,i'd like to see him,TalkIntent,,
GOLDEN_SET,i'd like to talk to her,TalkIntent,,
GOLDEN_SET,i'd like to talk to him,TalkIntent,,
GOLDEN_SET,my nurse,TalkIntent,,
GOLDEN_SET,nurse,TalkIntent,,
GOLDEN_SET,tell the nurse,TalkIntent,,
GOLDEN_SET,bathroom,ToiletingIntent,,
GOLDEN_SET,bedpan,ToiletingIntent,,
GOLDEN_SET,can i go to the bathroom,ToiletingIntent,,
GOLDEN_SET,can i go to the toilet,ToiletingIntent,,
GOLDEN_SET,go to the bathroom,ToiletingIntent,,
GOLDEN_SET,have to use the bathroom,ToiletingIntent,,
GOLDEN_SET,help to the bathroom,ToiletingIntent,,
GOLDEN_SET,help to the restroom,ToiletingIntent,,
GOLDEN_SET,i am ready to go to the bathroom,ToiletingIntent,,
GOLDEN_SET,i have to go to the bathroom,ToiletingIntent,,
GOLDEN_SET,i have to go to the restroom,ToiletingIntent,,
GOLDEN_SET,i have to pee,ToiletingIntent,,
GOLDEN_SET,i have to use the bathroom,ToiletingIntent,,
GOLDEN_SET,i have to use the restroom,ToiletingIntent,,
GOLDEN_SET,i need a bed pan,ToiletingIntent,,
GOLDEN_SET,i need a bedpan,ToiletingIntent,,
GOLDEN_SET,i need a hand going to the bathroom,ToiletingIntent,,
GOLDEN_SET,i need help going to the bathroom,ToiletingIntent,,
GOLDEN_SET,i need help to the bathroom,ToiletingIntent,,
GOLDEN_SET,i need help to the restroom,ToiletingIntent,,
GOLDEN_SET,i need help with bathroom,ToiletingIntent,,
GOLDEN_SET,i need the bathroom,ToiletingIntent,,
GOLDEN_SET,i need to go to bathroom,ToiletingIntent,,
GOLDEN_SET,i need to go to the bathroom,ToiletingIntent,,
GOLDEN_SET,i need to go to the restroom,ToiletingIntent,,
GOLDEN_SET,i need to pee,ToiletingIntent,,
GOLDEN_SET,i need to poop,ToiletingIntent,,
GOLDEN_SET,i need to urinate,ToiletingIntent,,
GOLDEN_SET,i need to use the bathroom,ToiletingIntent,,
GOLDEN_SET,i need to use the restroom,ToiletingIntent,,
GOLDEN_SET,i need to use the toilet,ToiletingIntent,,
GOLDEN_SET,i wanna go to the bathroom,ToiletingIntent,,
GOLDEN_SET,i want to go to the bathroom,ToiletingIntent,,
GOLDEN_SET,i would like to go to the bathroom,ToiletingIntent,,
GOLDEN_SET,i'd like to go to the bathroom,ToiletingIntent,,
GOLDEN_SET,i'm going to the bathroom,ToiletingIntent,,
GOLDEN_SET,i'm going to the restroom,ToiletingIntent,,
GOLDEN_SET,please bring me a bed pan,ToiletingIntent,,
GOLDEN_SET,please bring me a bedpan,ToiletingIntent,,
GOLDEN_SET,poop,ToiletingIntent,,
GOLDEN_SET,restroom,ToiletingIntent,,
GOLDEN_SET,the bathroom,ToiletingIntent,,
GOLDEN_SET,toilet,ToiletingIntent,,
GOLDEN_SET,help me,HelpGeneralIntent,,
GOLDEN_SET,please help,HelpGeneralIntent,,
GOLDEN_SET,please help me,HelpGeneralIntent,,
GOLDEN_SET,start my day,StartMyDayIntent,,